1|Pepi04|Petar2004|Pavle|Pavlovic|1
2|Petar2004|Pepi04|Pavle|Popovic|1
3|PetarM|Petar2004|Petar|Pavlovic|3
4|Petar200|Petar20500|Pavle|Pavlovic|2
5|Petar2459|PetarLKfAKf1234|Peric|Perickovic|1
6|Zmaj|Zmajevac123445|Zmajko|Zmajkovic|2
7|Master123|Puppet12354|Zeljkoi|Zelkovic|3
8|User123|User1234|Peric|percickovic|1
9|User1234|User12345|Marko|Mrkic|1
10|PAvlee1123|Pavko12324|Pavko|Pevkovic|1
11|Peronja|Peronja1234|Peronja|Perinjic|1
12|Skok|SKOKOVIC1234|skokic|skokovic|1
